request_id,amount_safe_to_pay,affordability_status,recommended_payment_method,payment_plan,earliest_date_for_full_payment,spending_changes_needed,decision_explanation
request_26,15656000.0,affordable_now,full_payment,2025-08-03:15656000,2025-08-03,none,Pay IDR 15656000 today. This leaves at least IDR 24768300 available over the next 90 days.
request_27,6670.0,affordable_now,full_payment,2026-07-05:6670,2026-07-05,none,Pay ZAR 6670 today. This leaves at least ZAR 20500 available over the next 90 days.
request_28,0.0,affordable_later,wait,2024-06-20:1302.40,2024-06-20,none,Pay EUR 1302.40 in full on 20 June 2024. Paying earlier would take the balance below the EUR 1100 minimum.
request_29,51524.0,affordable_now,full_payment,2025-11-04:51524,2025-11-04,none,Pay ZAR 51524 today. This leaves at least ZAR 28300 available over the next 90 days.
request_30,775.2,affordable_with_plan,installments,2026-04-06:268.74|2026-05-06:268.74|2026-06-05:268.74,2026-04-06,none,"Use 3 installments of USD 268.74, starting 6 April 2026. This leaves at least USD 900 available."
request_31,0.0,affordable_later,wait,2024-09-15:18164000,2024-09-15,none,Pay IDR 18164000 in full on 15 September 2024. Paying earlier would take the balance below the IDR 16588900 minimum.
request_32,3368.45,affordable_later,wait,2025-02-15:40018,2025-02-15,none,Pay ZAR 40018 in full on 15 February 2025. Paying earlier would take the balance below the ZAR 35700 minimum.
request_33,39637.83,affordable_later,wait,2026-01-15:118000,2026-01-15,none,Pay INR 118000 in full on 15 January 2026. Paying earlier would take the balance below the INR 102100 minimum.
request_34,129400.0,affordable_now,full_payment,2024-12-04:129400,2024-12-04,none,Pay INR 129400 today. This leaves at least INR 138500 available over the next 90 days.
request_35,0.0,affordable_later,wait,2025-12-15:212000,2025-12-15,none,Pay INR 212000 in full on 15 December 2025. Paying earlier would take the balance below the INR 106400 minimum.
request_36,1121.57,affordable_later,wait,2026-07-15:3954,2026-07-15,none,Pay USD 3954 in full on 15 July 2026. Paying earlier would take the balance below the USD 2400 minimum.
request_37,0.0,affordable_later,wait,2024-03-20:14649000,2024-03-20,none,Pay IDR 14649000 in full on 20 March 2024. Paying earlier would take the balance below the IDR 17056200 minimum.
request_38,279.91,affordable_later,wait,2025-09-30:971.30,2025-09-30,none,Pay EUR 971.30 in full on 30 September 2025. Paying earlier would take the balance below the EUR 400 minimum.
request_39,75456.15,affordable_later,wait,2026-04-15:208600,2026-04-15,none,Pay INR 208600 in full on 15 April 2026. Paying earlier would take the balance below the INR 213400 minimum.
request_40,123.71,affordable_later,wait,2024-06-15:1290.30,2024-06-15,none,Pay EUR 1290.30 in full on 15 June 2024. Paying earlier would take the balance below the EUR 1500 minimum.
request_41,9454418.42,affordable_later,wait,2025-11-15:38760000,2025-11-15,none,Pay IDR 38760000 in full on 15 November 2025. Paying earlier would take the balance below the IDR 25366600 minimum.
request_42,52100.0,affordable_now,full_payment,2026-01-05:52100,2026-01-05,none,Pay INR 52100 today. This leaves at least INR 113100 available over the next 90 days.
request_43,10042339.91,affordable_later,wait,2024-10-15:43339000,2024-10-15,none,Pay IDR 43339000 in full on 15 October 2024. Paying earlier would take the balance below the IDR 21398000 minimum.
request_44,18774.36,affordable_later,wait,2025-02-15:95800,2025-02-15,none,Pay INR 95800 in full on 15 February 2025. Paying earlier would take the balance below the INR 82900 minimum.
request_45,6455931.4,affordable_later,wait,2026-07-15:21983000,2026-07-15,none,Pay IDR 21983000 in full on 15 July 2026. Paying earlier would take the balance below the IDR 11149800 minimum.
request_46,0.0,affordable_with_plan,installments,2024-12-03:25714|2024-12-31:25714,2024-12-15,none,"Use 2 installments of INR 25714, starting 3 December 2024. This leaves at least INR 84000 available."
request_47,38114000.0,affordable_now,full_payment,2025-05-05:38114000,2025-05-05,none,Pay IDR 38114000 today. This leaves at least IDR 30049000 available over the next 90 days.
request_48,45700.0,affordable_now,full_payment,2026-07-25:45700,2026-07-25,none,Pay INR 45700 today. This leaves at least INR 71300 available over the next 90 days.
request_49,2552826.08,affordable_with_plan,installments,2024-03-18:11902106.67|2024-04-18:11902106.67|2024-05-19:11902106.67,2024-04-14,none,"Use 3 installments of IDR 11902106.67, starting 18 March 2024. This leaves at least IDR 20275700 available."
request_50,43900.0,affordable_now,full_payment,2025-08-06:43900,2025-08-06,none,Pay INR 43900 today. This leaves at least INR 99700 available over the next 90 days.
request_51,2191000.0,affordable_now,full_payment,2026-01-03:2191000,2026-01-03,none,Pay IDR 2191000 today. This leaves at least IDR 7811000 available over the next 90 days.
request_52,22690.94,affordable_later,wait,2024-06-15:28870,2024-06-15,none,Pay INR 28870 in full on 15 June 2024. Paying earlier would take the balance below the INR 41500 minimum.
request_53,101.9,affordable_with_plan,installments,2025-11-21:589.06|2025-12-19:589.06|2026-01-16:589.06,2025-11-15,none,"Use 3 installments of USD 589.06, starting 21 November 2025. This leaves at least USD 2100 available."
request_54,8740.61,not_affordable,not_recommended,none,,none,"Do not proceed with the ZAR 121528 request. Although ZAR 8740.61 is available today, the full amount cannot be completed safely within 90 days."
request_55,122795.7,affordable_with_plan,installments,2026-06-11:75781.33|2026-07-12:75781.33|2026-08-12:75781.33,2026-06-15,none,"Use 3 installments of INR 75781.33, starting 11 June 2026. This leaves at least INR 124300 available."
request_56,881.56,affordable_with_plan,installments,2025-02-03:458.42|2025-03-03:458.42,2025-02-03,none,"Use 2 installments of USD 458.42, starting 3 February 2025. This leaves at least USD 2100 available."
request_57,8676.54,affordable_later,wait,2026-05-15:61446,2026-05-15,none,Pay ZAR 61446 in full on 15 May 2026. Paying earlier would take the balance below the ZAR 42700 minimum.
request_58,16226000.0,affordable_now,full_payment,2024-12-07:16226000,2024-12-07,none,Pay IDR 16226000 today. This leaves at least IDR 14433900 available over the next 90 days.
request_59,140600.0,affordable_with_plan,installments,2025-05-07:48741.33|2025-06-04:48741.33|2025-07-02:48741.33,2025-05-04,none,"Use 3 installments of INR 48741.33, starting 7 May 2025. This leaves at least INR 132600 available."
request_60,144.3,affordable_later,wait,2026-01-15:199.89,2026-01-15,none,Pay USD 199.89 in full on 15 January 2026. Paying earlier would take the balance below the USD 400 minimum.
request_61,29062.0,affordable_with_plan,installments,2024-03-17:10074.83|2024-04-17:10074.83|2024-05-18:10074.83,2024-03-03,none,"Use 3 installments of ZAR 10074.83, starting 17 March 2024. This leaves at least ZAR 36700 available."
request_62,404.23,affordable_now,full_payment,2025-08-05:404.23,2025-08-05,none,Pay USD 404.23 today. This leaves at least USD 1300 available over the next 90 days.
request_63,58902.49,affordable_later,wait,2026-08-14:343900,2026-08-14,none,Pay INR 343900 in full on 14 August 2026. Paying earlier would take the balance below the INR 153500 minimum.
request_64,0.0,affordable_with_plan,installments,2024-06-11:22082.67|2024-07-12:22082.67|2024-08-12:22082.67,2024-07-15,none,"Use 3 installments of INR 22082.67, starting 11 June 2024. This leaves at least INR 36100 available."
request_65,10393.56,not_affordable,not_recommended,none,2025-12-15,none,"Do not proceed with the ZAR 54340 request. Although ZAR 10393.56 is available today, the full amount cannot be completed safely within 90 days."
request_66,22200.0,affordable_now,full_payment,2026-04-03:22200,2026-04-03,none,Pay INR 22200 today. This leaves at least INR 80700 available over the next 90 days.
request_67,0.0,affordable_later,wait,2024-10-15:2094,2024-10-15,none,Pay USD 2094 in full on 15 October 2024. Paying earlier would take the balance below the USD 1200 minimum.
request_68,580.19,affordable_with_plan,installments,2025-02-14:725.09|2025-03-14:725.09|2025-04-11:725.09,2025-02-23,none,"Use 3 installments of USD 725.09, starting 14 February 2025. This leaves at least USD 1500 available."
request_69,353.66,not_affordable,not_recommended,none,2026-01-15,none,"Do not proceed with the EUR 529.10 request. Although EUR 353.66 is available today, the full amount cannot be completed safely within 90 days."
request_70,63163.63,affordable_later,wait,2024-12-15:243900,2024-12-15,none,Pay INR 243900 in full on 15 December 2024. Paying earlier would take the balance below the INR 115000 minimum.
request_71,1312315.0,not_affordable,not_recommended,none,,none,"Do not proceed with the IDR 21451000 request. Although IDR 1312315 is available today, the full amount cannot be completed safely within 90 days."
request_72,9183.65,not_affordable,not_recommended,none,2026-07-15,none,"Do not proceed with the ZAR 11330 request. Although ZAR 9183.65 is available today, the full amount cannot be completed safely within 90 days."
request_73,3272.0,not_affordable,not_recommended,none,2023-02-15,none,"Do not proceed with the INR 71400 request. Although INR 3272 is available today, the full amount cannot be completed safely within 90 days."
request_74,5010.0,affordable_now,full_payment,2025-08-04:5010,2025-08-04,none,Pay ZAR 5010 today. This leaves at least ZAR 21900 available over the next 90 days.
request_75,28270.0,affordable_with_plan,installments,2026-04-09:9800.27|2026-05-09:9800.27|2026-06-08:9800.27,2026-04-06,none,"Use 3 installments of ZAR 9800.27, starting 9 April 2026. This leaves at least ZAR 39000 available."
request_76,0.0,affordable_later,wait,2024-07-24:4455.60,2024-07-24,none,Pay USD 4455.60 in full on 24 July 2024. Paying earlier would take the balance below the USD 1800 minimum.
request_77,55523.72,not_affordable,not_recommended,none,2025-11-15,none,"Do not proceed with the INR 60700 request. Although INR 55523.72 is available today, the full amount cannot be completed safely within 90 days."
request_78,44945.06,not_affordable,not_recommended,none,2025-10-15,none,"Do not proceed with the INR 50200 request. Although INR 44945.06 is available today, the full amount cannot be completed safely within 90 days."
request_79,458.3,affordable_later,wait,2024-10-15:2151.60,2024-10-15,none,Pay EUR 2151.60 in full on 15 October 2024. Paying earlier would take the balance below the EUR 1000 minimum.
request_80,49684.36,not_affordable,not_recommended,none,2025-03-26,none,"Do not proceed with the INR 217500 request. Although INR 49684.36 is available today, the full amount cannot be completed safely within 90 days."
request_81,1562.84,not_affordable,not_recommended,none,2026-07-15,none,"Do not proceed with the USD 2076 request. Although USD 1562.84 is available today, the full amount cannot be completed safely within 90 days."
request_82,0.0,affordable_later,wait,2024-12-20:1405.20,2024-12-20,none,Pay USD 1405.20 in full on 20 December 2024. Paying earlier would take the balance below the USD 1100 minimum.
request_83,18552.23,not_affordable,not_recommended,none,,none,"Do not proceed with the INR 156200 request. Although INR 18552.23 is available today, the full amount cannot be completed safely within 90 days."
request_84,34305.63,affordable_later,wait,2026-04-15:95400,2026-04-15,none,Pay INR 95400 in full on 15 April 2026. Paying earlier would take the balance below the INR 91300 minimum.
request_85,0.0,not_affordable,not_recommended,none,,none,Do not make this payment by 26 April 2024. None of the available options keeps the IDR 6396300 minimum protected.
request_86,26766.23,not_affordable,not_recommended,none,2025-08-23,none,"Do not proceed with the INR 46300 request. Although INR 26766.23 is available today, the full amount cannot be completed safely within 90 days."
request_87,50641.98,affordable_later,wait,2026-02-14:487900,2026-02-14,none,Pay INR 487900 in full on 14 February 2026. Paying earlier would take the balance below the INR 185900 minimum.
request_88,12235.89,affordable_with_plan,installments,2024-06-14:9045.23|2024-07-15:9045.23|2024-08-15:9045.23,2024-06-15,none,"Use 3 installments of ZAR 9045.23, starting 14 June 2024. This leaves at least ZAR 25800 available."
request_89,3384698.83,affordable_with_plan,installments,2025-11-18:4768746.67|2025-12-16:4768746.67|2026-01-13:4768746.67,2025-11-15,none,"Use 3 installments of IDR 4768746.67, starting 18 November 2025. This leaves at least IDR 12534700 available."
request_90,2560.0,affordable_now,full_payment,2026-07-06:2560,2026-07-06,none,Pay ZAR 2560 today. This leaves at least ZAR 7600 available over the next 90 days.
request_91,114.01,affordable_later,wait,2024-09-15:1927.20,2024-09-15,none,Pay EUR 1927.20 in full on 15 September 2024. Paying earlier would take the balance below the EUR 2100 minimum.
request_92,34034.0,affordable_now,full_payment,2025-02-05:34034,2025-02-05,none,Pay ZAR 34034 today. This leaves at least ZAR 28100 available over the next 90 days.
request_93,1670.2,affordable_with_plan,full_payment,2026-04-07:1729.20,2026-04-15,stop:event_8667,"Stop the family streaming plan, then pay USD 1729.20 today. This leaves at least USD 1900 available."
request_94,572.0,affordable_now,full_payment,2024-12-04:572,2024-12-04,none,Pay EUR 572 today. This leaves at least EUR 600 available over the next 90 days.
request_95,0.0,not_affordable,not_recommended,none,,none,Do not make this payment by 14 July 2025. None of the available options keeps the INR 145500 minimum protected.
request_96,56551.06,affordable_with_plan,installments,2026-01-10:31269.33|2026-02-09:31269.33|2026-03-11:31269.33,2026-01-15,none,"Use 3 installments of INR 31269.33, starting 10 January 2026. This leaves at least INR 56500 available."
request_97,3254.25,affordable_with_plan,installments,2024-03-19:8145.28|2024-04-19:8145.28|2024-05-20:8145.28,2024-03-15,none,"Use 3 installments of ZAR 8145.28, starting 19 March 2024. This leaves at least ZAR 29700 available."
request_98,9528.46,not_affordable,not_recommended,none,,none,"Do not proceed with the ZAR 27148 request. Although ZAR 9528.46 is available today, the full amount cannot be completed safely within 90 days."
request_99,18062.0,affordable_now,full_payment,2026-07-04:18062,2026-07-04,none,Pay ZAR 18062 today. This leaves at least ZAR 49100 available over the next 90 days.
request_100,17604.09,affordable_with_plan,installments,2024-06-13:12866.19|2024-07-14:12866.19|2024-08-14:12866.19,2024-06-15,none,"Use 3 installments of ZAR 12866.19, starting 13 June 2024. This leaves at least ZAR 32500 available."
request_101,143500.0,affordable_now,full_payment,2025-11-03:143500,2025-11-03,none,Pay INR 143500 today. This leaves at least INR 187400 available over the next 90 days.
request_102,1716.0,affordable_with_plan,installments,2026-04-05:594.88|2026-05-05:594.88|2026-06-04:594.88,2026-04-05,none,"Use 3 installments of EUR 594.88, starting 5 April 2026. This leaves at least EUR 900 available."
request_103,0.0,not_affordable,not_recommended,none,,none,Do not make this payment by 7 October 2024. None of the available options keeps the INR 125500 minimum protected.
request_104,13746.69,affordable_later,wait,2025-02-24:17204,2025-02-24,none,Pay ZAR 17204 in full on 24 February 2025. Paying earlier would take the balance below the ZAR 24700 minimum.
request_105,53500.0,affordable_now,full_payment,2026-06-08:53500,2026-06-08,none,Pay INR 53500 today. This leaves at least INR 73900 available over the next 90 days.
request_106,562.7,affordable_later,wait,2024-12-15:2207.70,2024-12-15,none,Pay EUR 2207.70 in full on 15 December 2024. Paying earlier would take the balance below the EUR 1200 minimum.
request_107,2342.68,affordable_with_plan,installments,2025-05-08:878.59|2025-06-05:878.59|2025-07-03:878.59,2025-05-15,none,"Use 3 installments of EUR 878.59, starting 8 May 2025. This leaves at least EUR 1600 available."
request_108,5602.79,not_affordable,not_recommended,none,2026-08-23,none,"Do not proceed with the ZAR 55308 request. Although ZAR 5602.79 is available today, the full amount cannot be completed safely within 90 days."
request_109,686.67,affordable_with_plan,installments,2024-03-18:645.98|2024-04-18:645.98|2024-05-19:645.98,2024-03-15,none,"Use 3 installments of EUR 645.98, starting 18 March 2024. This leaves at least EUR 1700 available."
request_110,22352.0,affordable_with_plan,installments,2025-08-06:7748.69|2025-09-03:7748.69|2025-10-01:7748.69,2025-08-06,none,"Use 3 installments of ZAR 7748.69, starting 6 August 2025. This leaves at least ZAR 11200 available."
request_111,16625000.0,affordable_now,full_payment,2026-04-03:16625000,2026-04-03,none,Pay IDR 16625000 today. This leaves at least IDR 23022800 available over the next 90 days.
request_112,234.54,affordable_with_plan,full_payment,2024-06-05:271.70,2024-06-15,reduce_to:event_10388:13|reduce_to:event_10389:13,"Reduce the weekend food delivery to EUR 13, then pay EUR 271.70 today. This leaves at least EUR 500 available."
request_113,34935.0,affordable_with_plan,full_payment,2026-09-04:36500,2026-09-15,reduce_to:event_10406:1565,"Reduce the weekend food delivery to INR 1565, then pay INR 36500 today. This leaves at least INR 82300 available."
request_114,65300.0,affordable_now,full_payment,2026-01-04:65300,2026-01-04,none,Pay INR 65300 today. This leaves at least INR 113400 available over the next 90 days.
request_115,17386.84,affordable_later,wait,2024-10-30:80500,2024-10-30,none,Pay INR 80500 in full on 30 October 2024. Paying earlier would take the balance below the INR 38800 minimum.
request_116,0.0,affordable_later,wait,2025-03-17:241200,2025-03-17,none,Pay INR 241200 in full on 17 March 2025. Paying earlier would take the balance below the INR 80300 minimum.
request_117,880.0,affordable_now,full_payment,2026-07-05:880,2026-07-05,none,Pay EUR 880 today. This leaves at least EUR 1000 available over the next 90 days.
request_118,370.78,affordable_with_plan,installments,2024-12-07:255.87|2025-01-07:255.87|2025-02-07:255.87,2024-12-20,none,"Use 3 installments of EUR 255.87, starting 7 December 2024. This leaves at least EUR 600 available."
request_119,87845.88,affordable_with_plan,installments,2025-05-18:70546.67|2025-06-15:70546.67|2025-07-13:70546.67,2025-05-15,none,"Use 3 installments of INR 70546.67, starting 18 May 2025. This leaves at least INR 151200 available."
request_120,6452400.0,affordable_with_plan,full_payment,2026-04-06:7714000,2026-04-15,stop:event_11062|stop:event_11068,"Stop the family streaming plan, then pay IDR 7714000 today. This leaves at least IDR 20050300 available."
request_121,264.25,not_affordable,not_recommended,none,2024-03-15,none,"Do not proceed with the USD 633.60 request. Although USD 264.25 is available today, the full amount cannot be completed safely within 90 days."
request_122,20558000.0,affordable_with_plan,installments,2025-08-05:7126773.33|2025-09-02:7126773.33|2025-09-30:7126773.33,2025-08-05,none,"Use 3 installments of IDR 7126773.33, starting 5 August 2025. This leaves at least IDR 12588500 available."
request_123,4076000.0,affordable_now,full_payment,2026-01-07:4076000,2026-01-07,none,Pay IDR 4076000 today. This leaves at least IDR 18091200 available over the next 90 days.
request_124,1602.92,affordable_with_plan,installments,2024-06-11:1076.12|2024-07-12:1076.12|2024-08-12:1076.12,2024-06-15,none,"Use 3 installments of EUR 1076.12, starting 11 June 2024. This leaves at least EUR 1600 available."
request_125,6468.0,affordable_now,full_payment,2025-11-06:6468,2025-11-06,none,Pay ZAR 6468 today. This leaves at least ZAR 11300 available over the next 90 days.
request_126,159600.0,affordable_now,full_payment,2026-07-03:159600,2026-07-03,none,Pay INR 159600 today. This leaves at least INR 129700 available over the next 90 days.
request_127,1726.01,affordable_later,wait,2024-09-15:23980,2024-09-15,none,Pay ZAR 23980 in full on 15 September 2024. Paying earlier would take the balance below the ZAR 41000 minimum.
request_128,25168.0,affordable_now,full_payment,2025-02-07:25168,2025-02-07,none,Pay ZAR 25168 today. This leaves at least ZAR 42600 available over the next 90 days.
request_129,0.0,not_affordable,not_recommended,none,,none,Do not make this payment by 18 June 2026. None of the available options keeps the USD 800 minimum protected.
request_130,0.0,affordable_later,wait,2024-12-15:1978.80,2024-12-15,none,Pay USD 1978.80 in full on 15 December 2024. Paying earlier would take the balance below the USD 1400 minimum.
request_131,905.66,affordable_with_plan,installments,2025-05-06:643.14|2025-06-03:643.14|2025-07-01:643.14,2025-05-23,none,"Use 3 installments of USD 643.14, starting 6 May 2025. This leaves at least USD 1100 available."
request_132,379.86,affordable_now,full_payment,2026-01-05:379.86,2026-01-05,none,Pay USD 379.86 today. This leaves at least USD 1100 available over the next 90 days.
request_133,15770000.0,not_affordable,not_recommended,none,2024-03-07,none,"Do not proceed with the IDR 15770000 request. Although IDR 15770000 is available today, the full amount cannot be completed safely within 90 days."
request_134,2577904.46,affordable_later,wait,2025-08-15:21831000,2025-08-15,none,Pay IDR 21831000 in full on 15 August 2025. Paying earlier would take the balance below the IDR 15902500 minimum.
request_135,304.8,affordable_now,full_payment,2026-07-06:304.80,2026-07-06,none,Pay USD 304.80 today. This leaves at least USD 500 available over the next 90 days.
request_136,524.64,affordable_with_plan,full_payment,2024-06-03:560.40,2024-06-15,reduce_to:event_12466:27.20,"Reduce the weekend food delivery to USD 27.20, then pay USD 560.40 today. This leaves at least USD 1100 available."
request_137,0.0,affordable_later,wait,2025-11-15:80100,2025-11-15,none,Pay INR 80100 in full on 15 November 2025. Paying earlier would take the balance below the INR 71800 minimum.
request_138,614.82,affordable_with_plan,partial_payment,2026-04-07:614.82|2026-04-15:642.12,2026-04-15,none,Pay EUR 614.82 today and the remaining EUR 642.12 on 15 April 2026. This completes the full request and keeps the EUR 2300 minimum protected.
request_139,861.85,affordable_with_plan,installments,2024-09-07:802.88|2024-10-08:802.88|2024-11-08:802.88,2024-09-15,none,"Use 3 installments of USD 802.88, starting 7 September 2024. This leaves at least USD 1500 available."
request_140,0.0,not_affordable,not_recommended,none,2025-03-17,none,Do not make this payment by 4 March 2025. None of the available options keeps the ZAR 21600 minimum protected.
request_141,27252.45,not_affordable,not_recommended,none,2026-02-14,none,"Do not proceed with the INR 171600 request. Although INR 27252.45 is available today, the full amount cannot be completed safely within 90 days."
request_142,1263.6,affordable_now,full_payment,2024-12-05:1263.60,2024-12-05,none,Pay USD 1263.60 today. This leaves at least USD 1700 available over the next 90 days.
request_143,0.0,affordable_later,wait,2025-06-29:12584,2025-06-29,none,Pay ZAR 12584 in full on 29 June 2025. Paying earlier would take the balance below the ZAR 11300 minimum.
request_144,124.32,affordable_later,wait,2026-07-15:233.34,2026-07-15,none,Pay USD 233.34 in full on 15 July 2026. Paying earlier would take the balance below the USD 600 minimum.
request_145,0.0,affordable_with_plan,installments,2024-03-20:75365.33|2024-04-20:75365.33|2024-05-21:75365.33,2024-03-20,none,"Use 3 installments of INR 75365.33, starting 20 March 2024. This leaves at least INR 155400 available."
request_146,45299.93,affordable_later,wait,2025-08-15:449400,,none,Pay INR 449400 in full on 17 October 2025. Paying earlier would take the balance below the INR 108600 minimum.
request_147,363.91,affordable_with_plan,installments,2026-04-08:391.63|2026-05-08:391.63|2026-06-07:391.63,2026-04-15,none,"Use 3 installments of EUR 391.63, starting 8 April 2026. This leaves at least EUR 900 available."
request_148,1522.98,affordable_with_plan,installments,2024-06-14:7710.56|2024-07-15:7710.56|2024-08-15:7710.56,2024-06-15,none,"Use 3 installments of ZAR 7710.56, starting 14 June 2024. This leaves at least ZAR 20000 available."
request_149,19999.81,affordable_with_plan,installments,2025-11-18:12706.03|2025-12-16:12706.03|2026-01-13:12706.03,2025-11-15,none,"Use 3 installments of ZAR 12706.03, starting 18 November 2025. This leaves at least ZAR 42100 available."
request_150,405.44,affordable_with_plan,installments,2026-01-06:171.98|2026-02-05:171.98|2026-03-07:171.98,2026-01-15,none,"Use 3 installments of EUR 171.98, starting 6 January 2026. This leaves at least EUR 700 available."
request_151,26999000.0,affordable_now,full_payment,2024-09-03:26999000,2024-09-03,none,Pay IDR 26999000 today. This leaves at least IDR 31633600 available over the next 90 days.
request_152,9748.45,affordable_with_plan,installments,2025-02-12:4812.43|2025-03-12:4812.43|2025-04-09:4812.43,2025-02-15,none,"Use 3 installments of ZAR 4812.43, starting 12 February 2025. This leaves at least ZAR 11900 available."
request_153,272.63,affordable_later,wait,2026-08-14:2830.80,2026-08-14,none,Pay USD 2830.80 in full on 14 August 2026. Paying earlier would take the balance below the USD 1400 minimum.
request_154,1625.8,affordable_with_plan,installments,2024-12-04:563.61|2025-01-04:563.61|2025-02-04:563.61,2024-12-04,none,"Use 3 installments of EUR 563.61, starting 4 December 2024. This leaves at least EUR 1300 available."
request_155,112500.0,affordable_now,full_payment,2025-05-06:112500,2025-05-06,none,Pay INR 112500 today. This leaves at least INR 56300 available over the next 90 days.
request_156,4078.26,affordable_later,wait,2026-05-15:43076,2026-05-15,none,Pay ZAR 43076 in full on 15 May 2026. Paying earlier would take the balance below the ZAR 26900 minimum.
request_157,0.0,affordable_later,wait,2024-03-15:23503000,2024-03-15,none,Pay IDR 23503000 in full on 15 March 2024. Paying earlier would take the balance below the IDR 15714100 minimum.
request_158,242600.0,affordable_with_plan,installments,2025-08-07:84101.33|2025-09-04:84101.33|2025-10-02:84101.33,2025-08-07,none,"Use 3 installments of INR 84101.33, starting 7 August 2025. This leaves at least INR 131400 available."
request_159,13398.0,affordable_now,full_payment,2026-01-04:13398,2026-01-04,none,Pay ZAR 13398 today. This leaves at least ZAR 8700 available over the next 90 days.
request_160,658.61,affordable_with_plan,installments,2024-06-13:432.05|2024-07-14:432.05|2024-08-14:432.05,2024-06-15,none,"Use 3 installments of EUR 432.05, starting 13 June 2024. This leaves at least EUR 1200 available."
request_161,54449.36,affordable_later,wait,2025-11-15:21204000,2025-11-15,none,Pay IDR 21204000 in full on 15 November 2025. Paying earlier would take the balance below the IDR 23010400 minimum.
request_162,6171416.33,not_affordable,not_recommended,none,,none,"Do not proceed with the IDR 83923000 request. Although IDR 6171416.33 is available today, the full amount cannot be completed safely within 90 days."
request_163,4391391.03,affordable_with_plan,installments,2024-09-10:6692053.33|2024-10-11:6692053.33|2024-11-11:6692053.33,2024-09-20,none,"Use 3 installments of IDR 6692053.33, starting 10 September 2024. This leaves at least IDR 26728700 available."
request_164,27018000.0,affordable_with_plan,installments,2025-02-11:9366240|2025-03-11:9366240|2025-04-08:9366240,2025-02-04,none,"Use 3 installments of IDR 9366240, starting 11 February 2025. This leaves at least IDR 29550500 available."
request_165,80600.0,affordable_now,full_payment,2026-04-06:80600,2026-04-06,none,Pay INR 80600 today. This leaves at least INR 95000 available over the next 90 days.
request_166,2907.6,affordable_with_plan,installments,2024-12-03:1007.97|2025-01-03:1007.97|2025-02-03:1007.97,2024-12-03,none,"Use 3 installments of USD 1007.97, starting 3 December 2024. This leaves at least USD 1700 available."
request_167,43802.0,affordable_now,full_payment,2025-05-05:43802,2025-05-05,none,Pay ZAR 43802 today. This leaves at least ZAR 31200 available over the next 90 days.
request_168,41050.66,affordable_with_plan,partial_payment,2026-01-07:41050.66|2026-01-15:8329.34,2026-01-15,none,Pay INR 41050.66 today and the remaining INR 8329.34 on 15 January 2026. This completes the full request and keeps the INR 114400 minimum protected.
request_169,41976.0,affordable_now,full_payment,2024-03-04:41976,2024-03-04,none,Pay ZAR 41976 today. This leaves at least ZAR 18700 available over the next 90 days.
request_170,28210429.62,affordable_with_plan,installments,2025-08-06:12804480|2025-09-03:12804480|2025-10-01:12804480,2025-08-15,none,"Use 3 installments of IDR 12804480, starting 6 August 2025. This leaves at least IDR 24715800 available."
request_171,146.54,not_affordable,not_recommended,none,,none,"Do not proceed with the EUR 1878.80 request. Although EUR 146.54 is available today, the full amount cannot be completed safely within 90 days."
request_172,9772.06,affordable_with_plan,partial_payment,2024-06-05:9772.06|2024-06-15:427.94,2024-06-15,none,Pay ZAR 9772.06 today and the remaining ZAR 427.94 on 15 June 2024. This completes the full request and keeps the ZAR 27200 minimum protected.
request_173,64558.66,affordable_with_plan,installments,2025-11-21:39173.33|2025-12-19:39173.33|2026-01-16:39173.33,,none,"Use 3 installments of INR 39173.33, starting 21 November 2025. This leaves at least INR 79100 available."
request_174,1146.2,affordable_with_plan,installments,2026-04-04:397.35|2026-05-04:397.35|2026-06-03:397.35,2026-04-04,none,"Use 3 installments of EUR 397.35, starting 4 April 2026. This leaves at least EUR 700 available."
request_175,2303.3,affordable_with_plan,full_payment,2024-09-06:2346.30,2024-09-15,reduce_to:event_16019:21.50|reduce_to:event_16026:21.50,"Reduce the weekend food delivery to EUR 21.50, then pay EUR 2346.30 today. This leaves at least EUR 1700 available."
request_176,0.0,not_affordable,not_recommended,none,2025-03-26,none,Do not make this payment by 27 February 2025. None of the available options keeps the EUR 600 minimum protected.
request_177,1017.6,affordable_now,full_payment,2026-01-05:1017.60,2026-01-05,none,Pay USD 1017.60 today. This leaves at least USD 1300 available over the next 90 days.
request_178,2938.1,affordable_with_plan,installments,2024-12-07:1018.54|2025-01-07:1018.54|2025-02-07:1018.54,2024-12-07,none,"Use 3 installments of EUR 1018.54, starting 7 December 2024. This leaves at least EUR 1400 available."
request_179,2913764.22,affordable_later,wait,2025-05-15:41648000,2025-05-15,none,Pay IDR 41648000 in full on 15 May 2025. Paying earlier would take the balance below the IDR 41430800 minimum.
request_180,64196.52,affordable_with_plan,full_payment,2026-07-06:66500,2026-07-15,reduce_to:event_16576:840|reduce_to:event_16577:840,"Reduce the weekend food delivery to INR 840, then pay INR 66500 today. This leaves at least INR 37300 available."
request_181,0.0,not_affordable,not_recommended,none,2024-04-14,none,Do not make this payment by 7 April 2024. None of the available options keeps the USD 2000 minimum protected.
request_182,65714.0,affordable_now,full_payment,2025-08-05:65714,2025-08-05,none,Pay ZAR 65714 today. This leaves at least ZAR 31100 available over the next 90 days.
request_183,24698967.65,affordable_with_plan,installments,2026-04-10:9313546.67|2026-05-10:9313546.67|2026-06-09:9313546.67,2026-04-15,none,"Use 3 installments of IDR 9313546.67, starting 10 April 2026. This leaves at least IDR 11878300 available."
request_184,27568.85,affordable_later,wait,2024-07-15:251900,2024-07-15,none,Pay INR 251900 in full on 15 July 2024. Paying earlier would take the balance below the INR 110800 minimum.
request_185,0.0,affordable_later,wait,2025-11-15:1257.30,2025-11-15,none,Pay EUR 1257.30 in full on 15 November 2025. Paying earlier would take the balance below the EUR 1300 minimum.
request_186,9048.33,affordable_later,wait,2026-01-15:26554,2026-01-15,none,Pay ZAR 26554 in full on 15 January 2026. Paying earlier would take the balance below the ZAR 22000 minimum.
request_187,46817.87,affordable_later,wait,2024-09-15:187500,2024-09-15,none,Pay INR 187500 in full on 15 September 2024. Paying earlier would take the balance below the INR 128300 minimum.
request_188,0.0,not_affordable,not_recommended,none,2025-03-17,none,Do not make this payment by 4 March 2025. None of the available options keeps the EUR 900 minimum protected.
request_189,488.4,affordable_now,full_payment,2026-07-04:488.40,2026-07-04,none,Pay EUR 488.40 today. This leaves at least EUR 400 available over the next 90 days.
request_190,107.32,affordable_later,wait,2024-12-15:2557.50,2024-12-15,none,Pay EUR 2557.50 in full on 15 December 2024. Paying earlier would take the balance below the EUR 1600 minimum.
request_191,664.4,affordable_now,full_payment,2025-05-03:664.40,2025-05-03,none,Pay EUR 664.40 today. This leaves at least EUR 500 available over the next 90 days.
request_192,86.12,not_affordable,not_recommended,none,,none,"Do not proceed with the USD 2046 request. Although USD 86.12 is available today, the full amount cannot be completed safely within 90 days."
request_193,0.0,affordable_with_plan,installments,2024-03-21:420.23|2024-04-21:420.23|2024-05-22:420.23,2024-03-15,none,"Use 3 installments of EUR 420.23, starting 21 March 2024. This leaves at least EUR 1000 available."
request_194,12611.28,affordable_later,wait,2025-08-23:132800,2025-08-23,none,Pay INR 132800 in full on 23 August 2025. Paying earlier would take the balance below the INR 113600 minimum.
request_195,1128.29,affordable_with_plan,installments,2026-01-09:405.74|2026-02-08:405.74|2026-03-10:405.74,2026-01-15,none,"Use 3 installments of EUR 405.74, starting 9 January 2026. This leaves at least EUR 700 available."
request_196,762.3,affordable_now,full_payment,2024-06-03:762.30,2024-06-03,none,Pay EUR 762.30 today. This leaves at least EUR 500 available over the next 90 days.
request_197,44263838.32,affordable_with_plan,partial_payment,2025-11-05:44263838.32|2025-11-15:6675161.68,2025-11-15,none,Pay IDR 44263838.32 today and the remaining IDR 6675161.68 on 15 November 2025. This completes the full request and keeps the IDR 26245900 minimum protected.
request_198,185800.0,affordable_now,full_payment,2026-07-07:185800,2026-07-07,none,Pay INR 185800 today. This leaves at least INR 124300 available over the next 90 days.
request_199,23674000.0,affordable_with_plan,installments,2024-09-07:8206986.67|2024-10-08:8206986.67|2024-11-08:8206986.67,2024-09-04,none,"Use 3 installments of IDR 8206986.67, starting 7 September 2024. This leaves at least IDR 25359500 available."
request_200,21717000.0,affordable_now,full_payment,2025-02-06:21717000,2025-02-06,none,Pay IDR 21717000 today. This leaves at least IDR 20114600 available over the next 90 days.
request_201,23997000.0,affordable_now,full_payment,2026-04-03:23997000,2026-04-03,none,Pay IDR 23997000 today. This leaves at least IDR 17304500 available over the next 90 days.
request_202,117409.88,affordable_later,wait,2024-12-15:123900,2024-12-15,none,Pay INR 123900 in full on 15 December 2024. Paying earlier would take the balance below the INR 147800 minimum.
request_203,1442.1,affordable_with_plan,installments,2025-05-10:499.93|2025-06-07:499.93|2025-07-05:499.93,2025-05-07,none,"Use 3 installments of EUR 499.93, starting 10 May 2025. This leaves at least EUR 1400 available."
request_204,367.61,affordable_later,wait,2026-01-15:588.74,2026-01-15,none,Pay EUR 588.74 in full on 15 January 2026. Paying earlier would take the balance below the EUR 1300 minimum.
request_205,8930109.11,affordable_later,wait,2024-03-15:10621000,2024-03-15,none,Pay IDR 10621000 in full on 15 March 2024. Paying earlier would take the balance below the IDR 13994300 minimum.
request_206,1404.7,affordable_with_plan,installments,2025-08-03:486.96|2025-08-31:486.96|2025-09-28:486.96,2025-08-03,none,"Use 3 installments of EUR 486.96, starting 3 August 2025. This leaves at least EUR 900 available."
request_207,8437.21,affordable_later,wait,2026-07-15:11830,2026-07-15,none,Pay ZAR 11830 in full on 15 July 2026. Paying earlier would take the balance below the ZAR 13600 minimum.
request_208,1495352.3,affordable_later,wait,2024-06-15:4413000,2024-06-15,none,Pay IDR 4413000 in full on 15 June 2024. Paying earlier would take the balance below the IDR 10470700 minimum.
request_209,5983.0,not_affordable,not_recommended,none,,none,"Do not proceed with the ZAR 56914 request. Although ZAR 5983 is available today, the full amount cannot be completed safely within 90 days."
request_210,779.53,affordable_with_plan,partial_payment,2026-04-06:779.53|2026-04-15:580.49,2026-04-15,none,Pay USD 779.53 today and the remaining USD 580.49 on 15 April 2026. This completes the full request and keeps the USD 2000 minimum protected.
request_211,0.0,affordable_later,wait,2024-09-15:1788.60,2024-09-15,none,Pay EUR 1788.60 in full on 15 September 2024. Paying earlier would take the balance below the EUR 1500 minimum.
request_212,0.0,not_affordable,not_recommended,none,,none,Do not make this payment by 28 February 2025. None of the available options keeps the IDR 29579800 minimum protected.
request_213,3362.4,affordable_with_plan,installments,2026-01-21:1165.63|2026-02-20:1165.63|2026-03-22:1165.63,2026-01-07,none,"Use 3 installments of USD 1165.63, starting 21 January 2026. This leaves at least USD 2100 available."
request_214,61876.34,affordable_with_plan,partial_payment,2024-12-04:61876.34|2024-12-15:7873.66,2024-12-15,none,Pay INR 61876.34 today and the remaining INR 7873.66 on 15 December 2024. This completes the full request and keeps the INR 174900 minimum protected.
request_215,29986.0,affordable_with_plan,installments,2025-05-09:10395.15|2025-06-06:10395.15|2025-07-04:10395.15,2025-05-06,none,"Use 3 installments of ZAR 10395.15, starting 9 May 2025. This leaves at least ZAR 15700 available."
request_216,881.54,affordable_later,wait,2026-08-14:3332.40,2026-08-14,none,Pay USD 3332.40 in full on 14 August 2026. Paying earlier would take the balance below the USD 1800 minimum.
request_217,13127.99,affordable_with_plan,installments,2024-03-19:12889.07|2024-04-19:12889.07|2024-05-20:12889.07,2024-03-15,none,"Use 3 installments of ZAR 12889.07, starting 19 March 2024. This leaves at least ZAR 26800 available."
request_218,31463996.15,affordable_with_plan,installments,2025-08-07:21195893.33|2025-09-04:21195893.33|2025-10-02:21195893.33,2025-08-15,none,"Use 3 installments of IDR 21195893.33, starting 7 August 2025. This leaves at least IDR 34477200 available."
request_219,617.98,affordable_with_plan,installments,2026-04-07:580.01|2026-05-07:580.01|2026-06-06:580.01,2026-04-15,none,"Use 3 installments of EUR 580.01, starting 7 April 2026. This leaves at least EUR 1100 available."
request_220,0.0,not_affordable,not_recommended,none,,none,Do not make this payment by 3 July 2024. None of the available options keeps the EUR 1100 minimum protected.
request_221,109800.0,affordable_now,full_payment,2025-11-03:109800,2025-11-03,none,Pay INR 109800 today. This leaves at least INR 81500 available over the next 90 days.
request_222,34078.0,affordable_now,full_payment,2026-01-05:34078,2026-01-05,none,Pay ZAR 34078 today. This leaves at least ZAR 27300 available over the next 90 days.
request_223,898.7,affordable_now,full_payment,2024-09-07:898.70,2024-09-07,none,Pay EUR 898.70 today. This leaves at least EUR 800 available over the next 90 days.
request_224,7621364.26,affordable_with_plan,partial_payment,2025-02-04:7621364.26|2025-02-15:2705635.74,2025-02-15,none,Pay IDR 7621364.26 today and the remaining IDR 2705635.74 on 15 February 2025. This completes the full request and keeps the IDR 22187600 minimum protected.
request_225,6357471.85,affordable_with_plan,installments,2026-07-20:7647120|2026-08-19:7647120|2026-09-18:7647120,2026-07-15,none,"Use 3 installments of IDR 7647120, starting 20 July 2026. This leaves at least IDR 17670700 available."
request_226,43582.05,affordable_later,wait,2024-12-20:157000,2024-12-20,none,Pay INR 157000 in full on 20 December 2024. Paying earlier would take the balance below the INR 209400 minimum.
request_227,20536.22,not_affordable,not_recommended,none,,none,"Do not proceed with the INR 259700 request. Although INR 20536.22 is available today, the full amount cannot be completed safely within 90 days."
request_228,0.0,not_affordable,not_recommended,none,,none,Do not make this payment by 30 April 2026. None of the available options keeps the IDR 26191200 minimum protected.
request_229,173.81,affordable_with_plan,installments,2024-03-18:529.29|2024-04-18:529.29|2024-05-19:529.29,2024-04-14,none,"Use 3 installments of EUR 529.29, starting 18 March 2024. This leaves at least EUR 1000 available."
request_230,3537.6,affordable_now,full_payment,2025-08-06:3537.60,2025-08-06,none,Pay EUR 3537.60 today. This leaves at least EUR 2000 available over the next 90 days.
request_231,34835.93,affordable_with_plan,installments,2026-01-06:12378.08|2026-02-05:12378.08|2026-03-07:12378.08,2026-01-15,none,"Use 3 installments of ZAR 12378.08, starting 6 January 2026. This leaves at least ZAR 24300 available."
request_232,472.4,affordable_later,wait,2024-06-15:1970.10,2024-06-15,none,Pay EUR 1970.10 in full on 15 June 2024. Paying earlier would take the balance below the EUR 2400 minimum.
request_233,722583.45,affordable_with_plan,partial_payment,2025-11-07:722583.45|2025-11-15:5518416.55,2025-11-15,none,Pay IDR 722583.45 today and the remaining IDR 5518416.55 on 15 November 2025. This completes the full request and keeps the IDR 10365700 minimum protected.
request_234,342.61,affordable_later,wait,2026-07-15:1213.30,2026-07-15,none,Pay EUR 1213.30 in full on 15 July 2026. Paying earlier would take the balance below the EUR 700 minimum.
request_235,967.2,affordable_now,full_payment,2024-09-06:967.20,2024-09-06,none,Pay USD 967.20 today. This leaves at least USD 700 available over the next 90 days.
request_236,10704453.56,not_affordable,not_recommended,none,2025-03-17,none,"Do not proceed with the IDR 52383000 request. Although IDR 10704453.56 is available today, the full amount cannot be completed safely within 90 days."
request_237,23826000.0,affordable_now,full_payment,2026-04-05:23826000,2026-04-05,none,Pay IDR 23826000 today. This leaves at least IDR 22431500 available over the next 90 days.
request_238,663.6,affordable_with_plan,installments,2024-12-07:230.05|2025-01-07:230.05|2025-02-07:230.05,2024-12-07,none,"Use 3 installments of USD 230.05, starting 7 December 2024. This leaves at least USD 700 available."
request_239,491.18,affordable_later,wait,2025-05-15:642,2025-05-15,none,Pay USD 642 in full on 15 May 2025. Paying earlier would take the balance below the USD 600 minimum.
request_240,1395.18,affordable_later,wait,2026-02-14:101200,2026-02-14,none,Pay INR 101200 in full on 14 February 2026. Paying earlier would take the balance below the INR 52800 minimum.
request_241,21052000.0,affordable_with_plan,installments,2024-03-17:7298026.67|2024-04-17:7298026.67|2024-05-18:7298026.67,2024-03-03,none,"Use 3 installments of IDR 7298026.67, starting 17 March 2024. This leaves at least IDR 19252000 available."
request_242,0.0,not_affordable,not_recommended,none,,none,Do not make this payment by 25 August 2025. None of the available options keeps the EUR 600 minimum protected.
request_243,17468.0,affordable_now,full_payment,2026-07-07:17468,2026-07-07,none,Pay ZAR 17468 today. This leaves at least ZAR 19900 available over the next 90 days.
request_244,49918.0,affordable_now,full_payment,2024-06-04:49918,2024-06-04,none,Pay ZAR 49918 today. This leaves at least ZAR 45900 available over the next 90 days.
request_245,41211.88,not_affordable,not_recommended,none,,none,"Do not proceed with the INR 128500 request. Although INR 41211.88 is available today, the full amount cannot be completed safely within 90 days."
request_246,64086.0,affordable_with_plan,installments,2026-04-03:22216.48|2026-05-03:22216.48|2026-06-02:22216.48,2026-04-03,none,"Use 3 installments of ZAR 22216.48, starting 3 April 2026. This leaves at least ZAR 39300 available."
request_247,736.83,affordable_later,wait,2024-09-15:1059.30,2024-09-15,none,Pay EUR 1059.30 in full on 15 September 2024. Paying earlier would take the balance below the EUR 1300 minimum.
request_248,602.94,affordable_with_plan,partial_payment,2025-02-07:602.94|2025-02-24:1362.66,2025-02-24,none,Pay USD 602.94 today and the remaining USD 1362.66 on 24 February 2025. This completes the full request and keeps the USD 1300 minimum protected.
request_249,178.27,affordable_later,wait,2026-01-15:643.20,2026-01-15,none,Pay USD 643.20 in full on 15 January 2026. Paying earlier would take the balance below the USD 600 minimum.
request_250,17792.57,affordable_later,wait,2025-01-14:124278,2025-01-14,none,Pay ZAR 124278 in full on 14 January 2025. Paying earlier would take the balance below the ZAR 35300 minimum.
request_251,1513.6,not_affordable,not_recommended,none,2025-05-03,none,"Do not proceed with the EUR 1513.60 request. Although EUR 1513.60 is available today, the full amount cannot be completed safely within 90 days."
request_252,7026404.92,affordable_later,wait,2026-08-14:28082000,2026-08-14,none,Pay IDR 28082000 in full on 14 August 2026. Paying earlier would take the balance below the IDR 15152200 minimum.
request_253,1307.68,affordable_with_plan,installments,2024-03-21:984.60|2024-04-21:984.60|2024-05-22:984.60,2024-03-15,none,"Use 3 installments of EUR 984.60, starting 21 March 2024. This leaves at least EUR 2300 available."
request_254,1090.86,affordable_later,wait,2025-08-15:3535.20,2025-08-15,none,Pay USD 3535.20 in full on 15 August 2025. Paying earlier would take the balance below the USD 2500 minimum.
request_255,3345000.0,affordable_now,full_payment,2026-04-06:3345000,2026-04-06,none,Pay IDR 3345000 today. This leaves at least IDR 9813900 available over the next 90 days.
request_256,129874.48,affordable_with_plan,installments,2024-06-10:75816|2024-07-11:75816|2024-08-11:75816,2024-06-15,none,"Use 3 installments of INR 75816, starting 10 June 2024. This leaves at least INR 168600 available."
request_257,624.67,affordable_later,wait,2025-11-15:1352.40,2025-11-15,none,Pay USD 1352.40 in full on 15 November 2025. Paying earlier would take the balance below the USD 1600 minimum.
request_258,1113.6,affordable_now,full_payment,2026-01-07:1113.60,2026-01-07,none,Pay USD 1113.60 today. This leaves at least USD 500 available over the next 90 days.
request_259,253.46,affordable_later,wait,2024-09-15:935,2024-09-15,none,Pay EUR 935 in full on 15 September 2024. Paying earlier would take the balance below the EUR 600 minimum.
request_260,8387990.11,affordable_later,wait,2025-03-17:52079000,2025-03-17,none,Pay IDR 52079000 in full on 17 March 2025. Paying earlier would take the balance below the IDR 20727700 minimum.
request_261,1830.4,affordable_now,full_payment,2026-07-03:1830.40,2026-07-03,none,Pay EUR 1830.40 today. This leaves at least EUR 1500 available over the next 90 days.
request_262,9236000.0,affordable_now,full_payment,2024-12-05:9236000,2024-12-05,none,Pay IDR 9236000 today. This leaves at least IDR 31018500 available over the next 90 days.
request_263,9099.37,not_affordable,not_recommended,none,,none,"Do not proceed with the ZAR 51546 request. Although ZAR 9099.37 is available today, the full amount cannot be completed safely within 90 days."
request_264,21374.59,affordable_later,wait,2026-05-15:111300,2026-05-15,none,Pay INR 111300 in full on 15 May 2026. Paying earlier would take the balance below the INR 59500 minimum.
request_265,45970.0,affordable_now,full_payment,2024-03-06:45970,2024-03-06,none,Pay INR 45970 today. This leaves at least INR 189700 available over the next 90 days.
request_266,753.42,affordable_with_plan,installments,2025-08-03:324.13|2025-08-31:324.13|2025-09-28:324.13,2025-08-15,none,"Use 3 installments of EUR 324.13, starting 3 August 2025. This leaves at least EUR 900 available."
request_267,1748.12,affordable_with_plan,installments,2026-01-08:667.33|2026-02-07:667.33|2026-03-09:667.33,2026-01-15,none,"Use 3 installments of EUR 667.33, starting 8 January 2026. This leaves at least EUR 1500 available."
request_268,1148.52,affordable_with_plan,installments,2024-06-14:841.22|2024-07-15:841.22|2024-08-15:841.22,2024-06-15,none,"Use 3 installments of EUR 841.22, starting 14 June 2024. This leaves at least EUR 1400 available."
request_269,2039.15,affordable_later,wait,2025-11-15:15490,2025-11-15,none,Pay ZAR 15490 in full on 15 November 2025. Paying earlier would take the balance below the ZAR 23100 minimum.
request_270,373.08,not_affordable,not_recommended,none,,none,"Do not proceed with the USD 3028.80 request. Although USD 373.08 is available today, the full amount cannot be completed safely within 90 days."
request_271,0.0,affordable_later,wait,2024-09-20:91300,2024-09-20,none,Pay INR 91300 in full on 20 September 2024. Paying earlier would take the balance below the INR 58200 minimum.
request_272,7410181.64,affordable_with_plan,installments,2025-02-12:4709466.67|2025-03-12:4709466.67|2025-04-09:4709466.67,2025-02-15,none,"Use 3 installments of IDR 4709466.67, starting 12 February 2025. This leaves at least IDR 7508600 available."
request_273,8350052.83,affordable_with_plan,partial_payment,2026-04-07:8350052.83|2026-04-15:7510947.17,2026-04-15,none,Pay IDR 8350052.83 today and the remaining IDR 7510947.17 on 15 April 2026. This completes the full request and keeps the IDR 18774600 minimum protected.
request_274,2445.85,affordable_with_plan,installments,2024-12-04:940.75|2025-01-04:940.75|2025-02-04:940.75,2024-12-15,none,"Use 3 installments of EUR 940.75, starting 4 December 2024. This leaves at least EUR 1800 available."
request_275,15884000.0,affordable_now,full_payment,2025-05-06:15884000,2025-05-06,none,Pay IDR 15884000 today. This leaves at least IDR 12760100 available over the next 90 days.
